hant_center,"hant"
Hant,"Hant"
Olnyk,"Olnyk"
Bandychuk,"Bandychuk"
Feschuk,"Feschuk"
Kilik,"Kilik"
Pablo,"Pablo"
Marco,"Marco"
Fabio,"Fabio"
Kladnik,"Kladnik"
Llianna,"Llianna"
Lindy,"Lindy"
Waystation Station,"Waystation Station"
Bailey,"Bailey"
Rurik,"Rurik"
Cedric,"Cedric"
Ramona,"Ramona"
Hant STC,"Hant STC"
Weldrik,"Weldrik"
Verdad,"Verdad"
Verdad Station,"Verdad Station"
San Pablo,"San Pablo"
Cruz,"Cruz"
Doralicia,"Doralicia"
El Lobo,"El Lobo"
Seljuk,"Seljuk"
Deitch,"Deitch"
Corinna,"Corinna"
Artiss,"Artiss"
Winblad,"Winblad"
Ore Processing Station,"Ore Processing Station"
Bengt,"Bengt"
Brason,"Brason"
Kowalyk,"Kowalyk"
Archetti,"Archetti"
Borroni,"Borroni"
Borroni Shipyard Repair Depot,"Borroni Shipyard Repair Depot"
Hinton,"Hinton"
Czernansky,"Czernansky"
Valle,"Valle"
Hecht,"Hecht"
Southin,"Southin"
Marjacq,"Marjacq"
Wessel,"Wessel"
Wessel Waystation Station,"Wessel Waystation Station"
Corinna Lpoint,"Corinna Lpoint"
Valle Lpoint,"Valle Lpoint"
Lindy Lpoint,"Lindy Lpoint"
Verdad Lpoint,"Verdad Lpoint"
