t_ang_center,"t_ang"
T Ang,"T Ang"
Lavoisier,"Lavoisier"
Lavoisier Sec,"Lavoisier Sec"
Asseltine,"Asseltine"
Grundy,"Grundy"
Quesnelle,"Quesnelle"
Ypres,"Ypres"
T?Ang STC station,"T?Ang STC station"
Ypres Police,"Ypres Police"
Pynenburg,"Pynenburg"
Markus Corporation system HQ,"Markus Corporation system HQ"
Zhonyang,"Zhonyang"
Gui Jin,"Gui Jin"
Bonaparte,"Bonaparte"
Yinma,"Yinma"
Liu,"Liu"
Liu Waystation,"Liu Waystation"
Han,"Han"
Qian,"Qian"
Qian Waystation,"Qian Waystation"
Zhang Shan,"Zhang Shan"
San Xiang,"San Xiang"
Su-Ping,"Su-Ping"
She Tsung,"She Tsung"
Qian Lpoint,"Qian Lpoint"
Zhonyang Lpoint,"Zhonyang Lpoint"
