alcuin_center,"alcuin"
Alcuin Alpha,"Alcuin Alpha"
Danforth,"Danforth"
Stohl,"Stohl"
Miehl,"Miehl"
McKeown Belt,"McKeown Belt"
Common Metals Mine,"Common Metals Mine"
Common Metals Mine,"Common Metals Mine"
Rare Metals Mine,"Rare Metals Mine"
Toffelmeyer,"Toffelmeyer"
Dietrich,"Dietrich"
EtCom HQ Station,"EtCom HQ Station"
Vaden,"Vaden"
Alcuin STC,"Alcuin STC"
Alcuin Governor,"Alcuin Governor"
Wachhaus,"Wachhaus"
Toffelmeyer Entertainment,"Toffelmeyer Entertainment"
Common Metals Processing,"Common Metals Processing"
Common Metals Processing,"Common Metals Processing"
Siess,"Siess"
Reinl,"Reinl"
Geisebrecht,"Geisebrecht"
Hoel,"Hoel"
Geisinger,"Geisinger"
Geisebrecht Manufacturing,"Geisebrecht Manufacturing"
Geisebrecht Manufacturing,"Geisebrecht Manufacturing"
Infineon Manufacturing,"Infineon Manufacturing"
Schalk,"Schalk"
Brandt,"Brandt"
Azran Corporate HQ,"Azran Corporate HQ"
Azran Consumer Production,"Azran Consumer Production"
Azran Shipbuilding,"Azran Shipbuilding"
Inner Kuniper Belt,"Inner Kuniper Belt"
Exotic Metals Mine,"Exotic Metals Mine"
Hoel Lpoint,"Hoel Lpoint"
